xanim,p_bayonet_prone_stick
xanim,p_bayonet_prone_swipe
xanim,p_revive_reviving
xanim,viewmodel_bowie_slash
xanim,viewmodel_bowie_stick
xanim,viewmodel_mk2_idle
xanim,viewmodel_syrette_pullout
xmodel,viewmodel_hands_cloth
xmodel,viewmodel_usa_morphine
material,animbg_blur_back
material,animbg_fogscrollthin
material,cinematic
material,gradient_bottom
material,gradient_fadein
material,gradient_left
material,gradient_top
material,hud_server_locked
material,hud_us_grenade
material,loadscreen_nazi_zombie_asylum
material,loadscreen_nazi_zombie_factory_mini
material,loadscreen_nazi_zombie_sumpf_mini
material,logo_cod2
material,logo_intel_1k
material,logo_juggernog_1k
material,logo_treyarch_1k
material,mc/mtl_usa_morphine_cap
material,mc/mtl_usa_morphine_pin
material,mc/mtl_usa_morphine_tube
material,mc/mtl_viewmodel_raider_cloth
material,mc/mtl_viewmodel_raider_skin
material,menu_background_coop
material,menu_background_coop_blurred
material,menu_background_mp_tank
material,menu_background_mp_tank_blurred
material,menu_background_sp_blurred
material,menu_bio_american
material,menu_bio_german
material,menu_bio_japanese
material,menu_bio_russian
material,menu_black_line
material,menu_button_backing
material,menu_button_backing_highlight
material,menu_button_backing_highlight_right
material,menu_button_backing_right
material,menu_lobby_strip_whole
material,menu_popup_back
material,menu_white_line
material,menu_white_line_faded
material,menu_white_line_faded_big
material,mod_header
material,punkbusterlogo
material,server_hardware_header
material,specialty_new
material,ui_button_xenon_3d_a_32x32
material,white
material,white_line_faded_center
techset,2d
techset,cinematic
techset,mc_l_hsm_b0c0
techset,mc_l_hsm_b0c0s0
techset,mc_l_hsm_r0c0
techset,mc_l_hsm_r0c0d0
techset,mc_l_hsm_r0c0d0n0
techset,mc_l_hsm_r0c0d0n0s0
techset,mc_l_hsm_r0c0d0s0
techset,mc_l_hsm_r0c0n0
techset,mc_l_hsm_r0c0n0s0
techset,mc_l_hsm_r0c0s0
techset,mc_l_hsm_t0c0
techset,mc_l_sm_b0c0
techset,mc_l_sm_b0c0s0
techset,mc_l_sm_r0c0
techset,mc_l_sm_r0c0d0
techset,mc_l_sm_r0c0d0n0
techset,mc_l_sm_r0c0d0n0s0
techset,mc_l_sm_r0c0d0s0
techset,mc_l_sm_r0c0n0
techset,mc_l_sm_r0c0n0s0
techset,mc_l_sm_r0c0s0
techset,mc_l_sm_t0c0
image,$identitynormalmap
image,$white
image,bg_blur_back
image,bg_fogscrollthin
image,black_line
image,char_base_fabric_canvas_n
image,dempsey
image,gradient_bottom
image,gradient_fadein
image,gradient_left
image,gradient_top
image,hud_server_locked
image,hud_us_grenade
image,loadscreen_zombie_asylum
image,loadscreen_zombie_factory_mini
image,loadscreen_zombie_sumpf_mini
image,lobby_strip_whole
image,logo_cod5
image,logo_intel_1k
image,logo_juggernog_1k
image,logo_treyarch_1k
image,menu_background_coop
image,menu_background_coop_blurred
image,menu_background_mp_tank
image,menu_background_mp_tank_blurred
image,menu_background_sp_blurred
image,menu_button_backing
image,menu_button_backing_highlight
image,menu_button_backing_highlight_right
image,menu_button_backing_right
image,menu_popup_back
image,mod_header
image,morphine_c
image,morphine_glass_c
image,morphine_pin_c
image,nikolai
image,punkbusterlogo
image,richtofen
image,server_hardware_header
image,skin_pore_detail
image,specialty_new
image,takeo
image,ui_button_xenon_3d_a_32x32
image,viewmodel_usa_raider_c
image,viewmodel_usa_raider_n
image,white_line
image,white_line_faded
image,white_line_faded_big
image,white_line_faded_center
image,~morphine_glass_s-rgb&$white-l-11
image,~morphine_s-rgb&morphine_g-l-11
image,~viewmodel_usa_raider_s-rgb&v~557d245d
menufile,ui/objective_info.menu
menufile,ui/options_ingame.menu
menufile,ui/patch_menus.txt
menu,acceptinvite_warning
menu,already_friends
menu,briefing
menu,code_notice_popmenu
menu,delete_choice_popmenu
menu,error_popmenu
menu,error_popmenu_lobby
menu,error_popmenu_party
menu,filter_popmenu
menu,friend_add_popmenu
menu,friend_del_sure_popmenu
menu,friends_not_online
menu,friends_too_many
menu,info_popmenu
menu,ingameoptions
menu,invalid_friend
menu,invite_accepted
menu,invite_sent
menu,kickwarning
menu,leavelobbywarning
menu,leaveprivatepartywarning
menu,levels
menu,levels_unlock
menu,live_cac_popup
menu,manage_friends
menu,mature_content_pc_disable_warning
menu,menu_pc_friends
menu,menu_xboxlive_lobby
menu,no_self_request_allowed
menu,not_friends_yet
menu,not_online_popmenu
menu,objectiveinfo
menu,overheadmap
menu,pausedmenu
menu,pc_gamesetup_coop
menu,pc_join_unranked
menu,player_popup
menu,player_profile
menu,popmenu_browser_error
menu,popup_account_not_available
menu,popup_cannot_connect_to_dw
menu,popup_cannot_connect_to_dw_create_offline_profile
menu,popup_cannot_connect_to_lsp
menu,popup_connecting_dw
menu,popup_connectingtolobby
menu,popup_creating_account
menu,popup_deleting_account
menu,popup_deleting_account_not_logged
menu,popup_dw_authorize_account
menu,popup_dw_dns_lookup
menu,popup_dw_downloading_account_data
menu,popup_dw_retrieve_accounts
menu,popup_error_creating_account
menu,popup_error_deleting_account
menu,popup_findgame
menu,popup_gettingdata
menu,popup_party_privacy
menu,popup_reconnectingtoparty
menu,pregame_loaderror
menu,pregame_loaderror_mp
menu,profile_create_fail_popmenu
menu,profile_create_popmenu
menu,profile_create_too_many_popmenu
menu,profile_del_sure_popmenu
menu,profile_delete_fail_popmenu
menu,profile_exists_popmenu
menu,profile_len_incorrect_popmenu
menu,profile_must_create_popmenu
menu,request_sent
menu,save_corrupted
menu,settings
menu,skipmapconfirmation
menu,startmatch_popup
weapon,sp/syrette
rawfile,buttons_default_alt.cfg
rawfile,buttons_experimental_alt.cfg
rawfile,buttons_lefty_alt.cfg
rawfile,buttons_nomad.cfg
rawfile,coopmaps.arena
rawfile,default_controller.cfg
rawfile,default_xboxlive.cfg
rawfile,devgui_main.cfg
rawfile,maps/_zombiemode_asylum.gsc
rawfile,maps/_zombiemode_blockers.gsc
rawfile,maps/_zombiemode_prototype.gsc
rawfile,maps/_zombiemode_spawner_asylum.gsc
rawfile,maps/_zombiemode_spawner_prototype.gsc
rawfile,maps/_zombiemode_weapons_sumpf.gsc
rawfile,maps/nazi_zombie_asylum.gsc
rawfile,maps/nazi_zombie_prototype.gsc
rawfile,maps/nazi_zombie_sumpf_bouncing_betties.gsc
rawfile,maps/nazi_zombie_sumpf_zipline.gsc
rawfile,mp/coop_challenges_reset.cfg
rawfile,thumbstick_default.cfg
rawfile,thumbstick_legacy.cfg
rawfile,thumbstick_legacysouthpaw.cfg
rawfile,thumbstick_southpaw.cfg
