rawfile,common_scripts/utility.gsc
rawfile,maps/_aircraft.gsc
rawfile,maps/_ambient.gsc
rawfile,maps/_ambientpackage.gsc
rawfile,maps/_anim.gsc
rawfile,maps/_animatedmodels.gsc
rawfile,maps/_art.gsc
rawfile,maps/_artillery.gsc
rawfile,maps/_astar.gsc
rawfile,maps/_audio.gsc
rawfile,maps/_autosave.gsc
rawfile,maps/_boat.gsc
rawfile,maps/_banzai.gsc
rawfile,maps/_bayonet.gsc
rawfile,maps/_bouncing_betties.gsc
rawfile,maps/_breach.gsc
rawfile,maps/_busing.gsc
rawfile,maps/_camera.gsc
rawfile,maps/_cinematic.gsc
rawfile,maps/_colors.gsc
rawfile,maps/_compass.gsc
rawfile,maps/_cooplogic.gsc
rawfile,maps/_createfx.gsc
rawfile,maps/_createfxmenu.gsc
rawfile,maps/_createpath.gsc
rawfile,maps/_damagefeedback.gsc
rawfile,maps/_debug.gsc
rawfile,maps/_detonategrenades.gsc
rawfile,maps/_documents.gsc
rawfile,maps/_drone.gsc
rawfile,maps/_endmission.gsc
rawfile,maps/_equalizer.gsc
rawfile,maps/_flak88.gsc
rawfile,maps/_float.gsc
rawfile,maps/_friendlyfire.gsc
rawfile,maps/_fx.gsc
rawfile,maps/_gameskill.gsc
rawfile,maps/_global_fx.gsc
rawfile,maps/_guide.gsc
rawfile,maps/_halftrack.gsc
rawfile,maps/_hud.gsc
rawfile,maps/_hud_util.gsc
rawfile,maps/_hud_weapons.gsc
rawfile,maps/_interactive_objects.gsc
rawfile,maps/_introscreen.gsc
rawfile,maps/_inventory.gsc
rawfile,maps/_jeep.gsc
rawfile,maps/_katyusha.gsc
rawfile,maps/_leak.gsc
rawfile,maps/_leapfrog.gsc
rawfile,maps/_load.gsc
rawfile,maps/_loadout.gsc
rawfile,maps/_menus.gsc
rawfile,maps/_mg_penetration.gsc
rawfile,maps/_mgturret.gsc
rawfile,maps/_minefields.gsc
rawfile,maps/_mortar.gsc
rawfile,maps/_mortarteam.gsc
rawfile,maps/_music.gsc
rawfile,maps/_names.gsc
rawfile,maps/_panther.gsc
rawfile,maps/_panzeriv.gsc
rawfile,maps/_patrol.gsc
rawfile,maps/_photosource.gsc
rawfile,maps/_pipes.gsc
rawfile,maps/_planeweapons.gsc
rawfile,maps/_quotes.gsc
rawfile,maps/_scripted.gsc
rawfile,maps/_sea.gsc
rawfile,maps/_shellshock.gsc
rawfile,maps/_shutter.gsc
rawfile,maps/_spawner.gsc
rawfile,maps/_spotlight.gsc
rawfile,maps/_squad_manager.gsc
rawfile,maps/_stretcher.gsc
rawfile,maps/_stuka.gsc
rawfile,maps/_t34.gsc
rawfile,maps/_tankmantle.gsc
// rawfile,maps/_technical.gsc
rawfile,maps/_tiger.gsc
rawfile,maps/_treadfx.gsc
rawfile,maps/_treeburst.gsc
rawfile,maps/_treefall.gsc
rawfile,maps/_truck.gsc
rawfile,maps/_utility.gsc
rawfile,maps/_utility_code.gsc
rawfile,maps/_vehicle.gsc
rawfile,maps/_vehicle_utility.gsc
rawfile,maps/_destructible.gsc
rawfile,maps/_destructible_types.gsc
rawfile,maps/_vehicledrive.gsc
rawfile,maps/_vehiclenames.gsc
rawfile,maps/_vehicle_aianim.gsc
rawfile,maps/_vehicle_missile.gsc
rawfile,maps/_wasp.gsc
rawfile,maps/_weather.gsc
//rawfile,maps/_radiation.gsc
rawfile,maps/_wood.gsc
rawfile,maps/_collectibles.gsc
rawfile,maps/_collectibles_game.gsc
//rawfile,maps/_80s_hatch1.gsc
//rawfile,maps/_80s_wagon1.gsc
//rawfile,maps/_80s_sedan1.gsc
rawfile,maps/_vehicletypes.gsc
//rawfile,maps/_uaz.gsc
//rawfile,maps/_mi28.gsc
//rawfile,maps/_zpu_antiair.gsc
rawfile,maps/_stealth_logic.gsc
rawfile,maps/_stealth_behavior.gsc
rawfile,maps/_cheat.gsc
rawfile,maps/_cagedchickens.gsc
rawfile,maps/_hiding_door.gsc
//rawfile,maps/_van.gsc
//rawfile,maps/_props.gsc
rawfile,maps/_deadbody.gsc
rawfile,maps/_arcademode.gsc
rawfile,maps/_lights.gsc

rawfile,maps/_ai_supplements.gsc
rawfile,maps/_camsys.gsc
rawfile,maps/_challenges_coop.gsc
rawfile,maps/_createcam.gsc
rawfile,maps/_createmenu.gsc
rawfile,maps/_createdynents.gsc
rawfile,maps/_callbacksetup.gsc
rawfile,maps/_callbackglobal.gsc
rawfile,maps/_grenade_toss.gsc
rawfile,maps/_hud_message.gsc
rawfile,maps/_ingamemenus.gsc
rawfile,maps/_player_aircraft.gsc
rawfile,maps/_status.gsc
rawfile,maps/_spiderhole.gsc
rawfile,maps/_mganim.gsc
rawfile,maps/_laststand.gsc
rawfile,maps/_drones.gsc
